id,dimensao,persona,tamanho,segmento,score_mediano,quartil_1,quartil_3,fonte_id,fonte_nome,ano,nivel_confianca,nota_normalizacao,url_fonte
1,D1,X,ALL,ALL,3.5,,,F03,Deloitte Global Human Capital Trends 2026,2026,alta,7 em 10 lideres priorizam fast & nimble; 30% confiantes em revenue growth — composicao,https://www.deloitte.com/us/en/insights/topics/talent/human-capital-trends.html
2,D1,X,S4,ALL,3.2,,,F09,PwC 29th Annual Global CEO Survey,2026,alta,30% CEOs confiantes em revenue growth (queda de 38%),https://www.pwc.com/gx/en/news-room/press-releases/2026/pwc-2026-global-ceo-survey.html
3,D1,X,ALL,V1,3.8,,,F14,Endeavor Scale-Up Brasil,2024,media,Scaleups com lideranca distribuida crescem 3.5x; proxy de visao distribuida,https://endeavor.org.br/estrategia-e-gestao/tudo-sobre-scale-ups-as-empresas-que-mais-geram-empregos-no-brasil/
4,D1,G,ALL,ALL,3.0,,,F08,McKinsey Organizational Health Index,2023,media,Mediana implicita global a partir do framework OHI,https://www.mckinsey.com/solutions/orgsolutions/overview/organizational-health-index
5,D1,ALL,ALL,V2,3.4,,,F15,Febraban Pesquisa de Tecnologia Bancaria 2025,2025,media,13% crescimento orcado em tech — proxy de clareza estrategica setorial,https://cmsarquivos.febraban.org.br/Arquivos/documentos/PDF/Pesquisa%20Febraban%20de%20Tecnologia%20Banca%CC%81ria%202025%20-%20Vol_01%20-%205.pdf
6,D2,G,ALL,ALL,2.6,,,F01,Gallup State of the Global Workplace 2026,2026,alta,27% manager engagement global => 2.6/5,https://www.gallup.com/workplace/697850/state-of-the-global-workplace-regional-data.aspx
7,D2,G,ALL,ALL_LATAM,3.1,,,F01,Gallup State of the Global Workplace 2026,2026,alta,LATAM 31% engagement — acima da media global,https://www.gallup.com/workplace/697850/state-of-the-global-workplace-regional-data.aspx
8,D2,ALL,ALL,ALL_BR,3.4,,,F10,GPTW Brasil 2025,2025,alta,Trust Index 86 (queda de 89); ajustado para baseline de mercado,https://gptw.com.br/conteudo/estudos-gptw/sao-paulo-2025/
9,D2,ALL,ALL,ALL,3.6,,,F02,Gallup Q12 11th Meta-Analysis,2024,alta,Best-practice mode ~70% engagement,https://www.gallup.com/workplace/321725/gallup-q12-meta-analysis-report.aspx
10,D2,ALL,S2-S4,ALL,3.5,,,F07,LinkedIn 2025 Workplace Learning Report,2025,alta,71% oferta de leadership training; 36% champions,https://learning.linkedin.com/resources/workplace-learning-report
11,D2,X,S4,ALL,2.0,,,F05,Korn Ferry CEO & Board Survey 2025,2025,alta,Apenas 20% CEOs priorizam engagement,https://www.kornferry.com/insights/featured-topics/leadership/ceo-and-board-survey
12,D2,A_C,ALL,ALL,3.2,,,F06,Korn Ferry Workforce 2025,2025,media,Trusted manager top reason para retencao,https://www.kornferry.com/about-us/press/korn-ferry-reveals-workforce-2025-research
13,D2,ALL,ALL,V3,3.3,,,F16,Abrasce Premio Gestao de Pessoas 2025,2025,media,730 cases; 1.08M empregados +0.9%,https://premio.abrasce.com.br/
14,D2,ALL,ALL,V2,3.7,,,F15,Febraban 2025,2025,media,Reskilling/upskilling como alavanca estrategica,https://cmsarquivos.febraban.org.br/Arquivos/documentos/PDF/Pesquisa%20Febraban%20de%20Tecnologia%20Banca%CC%81ria%202025%20-%20Vol_01%20-%205.pdf
15,D2,ALL,ALL,V4,2.9,,,F17,CNI Sondagens 2025,2025,media,BR ultimo em competitividade industrial; gargalos em qualificacao,https://www.portaldaindustria.com.br/cni/estatisticas/sondagem-especial/
16,D2,ALL,S1,V9,2.4,,,F13,Sebrae Maturidade Digital 2025,2025,alta,IMD 37/80 = 46%; <13% usam internet para cursos,https://sebraepr.com.br/impulsiona/pequenos-negocios-avancam-em-maturidade-digital-em-2025/
17,D3,X,S4,ALL,2.1,,,F05,Korn Ferry CEO & Board Survey 2025,2025,alta,11% CEOs confiantes em gestao de risco composto,https://www.kornferry.com/insights/featured-topics/leadership/ceo-and-board-survey
18,D3,X,ALL,ALL,2.6,,,F03,Deloitte HCT 2026,2026,alta,12% CEOs reportam AI entregando ganhos cost+revenue,https://www.deloitte.com/us/en/insights/topics/talent/human-capital-trends.html
19,D3,G,ALL,ALL,3.0,,,F08,McKinsey OHI,2023,media,Inferencia OHI mediana global,https://www.mckinsey.com/solutions/orgsolutions/overview/organizational-health-index
20,D3,ALL,S1,V9,2.3,,,F13,Sebrae Maturidade Digital 2025,2025,alta,Uso de dados como principal desafio; IMD 37/80,https://sebraepr.com.br/impulsiona/pequenos-negocios-avancam-em-maturidade-digital-em-2025/
21,D3,ALL,S4,V2,3.8,,,F15,Febraban 2025,2025,alta,R$ 47.8B em tech; IA/analytics +61%,https://cmsarquivos.febraban.org.br/Arquivos/documentos/PDF/Pesquisa%20Febraban%20de%20Tecnologia%20Banca%CC%81ria%202025%20-%20Vol_01%20-%205.pdf
22,D3,ALL,ALL,V4,3.0,,,F17,CNI 2025,2025,media,Gestao tradicional decisao hierarquica predominante,https://www.portaldaindustria.com.br/cni/estatisticas/sondagem-especial/
23,D4,X,S4,ALL,2.0,,,F05,Korn Ferry CEO 2025,2025,alta,38% priorizam EQ vs 70% AI/tech,https://www.kornferry.com/insights/featured-topics/leadership/ceo-and-board-survey
24,D4,ALL,ALL,ALL_LATAM,3.8,,,F01,Gallup SGW 2026,2026,alta,LATAM thriving 56% vs 16% S Asia,https://www.gallup.com/workplace/697850/state-of-the-global-workplace-regional-data.aspx
25,D4,G,ALL,ALL,2.7,,,F01,Gallup SGW 2026,2026,alta,Queda manager engagement; managers = 70% variancia,https://www.gallup.com/workplace/697850/state-of-the-global-workplace-regional-data.aspx
26,D4,ALL,ALL,ALL_BR,3.5,,,F10,GPTW Brasil 2025,2025,alta,Dimensoes Camaradagem/Respeito do Trust Index,https://gptw.com.br/conteudo/estudos-gptw/sao-paulo-2025/
27,D4,A_C,ALL,V1,3.6,,,F14,Endeavor Scale-Up Brasil,2024,media,44.7% turnover por incompatibilidade cultural — competencia comportamental critica,https://endeavor.org.br/estrategia-e-gestao/tudo-sobre-scale-ups-as-empresas-que-mais-geram-empregos-no-brasil/
28,D4,ALL,ALL,ALL_BR,3.4,,,F04,WEF Future of Jobs 2025,2025,alta,Leadership/social influence +22pp como skill critica,https://www.weforum.org/publications/the-future-of-jobs-report-2025/
29,D5,G,ALL,ALL,3.0,,,F08,McKinsey OHI,2023,media,Top 25% leadership 2x outperformance; healthy 3x; mediana ~3.0,https://www.mckinsey.com/solutions/orgsolutions/overview/organizational-health-index
30,D5,ALL,ALL,ALL,3.3,,,F10,GPTW Brasil 2025,2025,alta,Empresas listadas cresceram 14% em faturamento 2024,https://gptw.com.br/conteudo/estudos-gptw/sao-paulo-2025/
31,D5,ALL,S4,V2,4.0,,,F15,Febraban 2025,2025,alta,KPI rigoroso accountability regulatoria,https://cmsarquivos.febraban.org.br/Arquivos/documentos/PDF/Pesquisa%20Febraban%20de%20Tecnologia%20Banca%CC%81ria%202025%20-%20Vol_01%20-%205.pdf
32,D5,ALL,S1,V9,2.5,,,F13,Sebrae Maturidade Digital 2025,2025,alta,37% das PMEs com maturidade digital; 99% das empresas sao PMEs,https://sebraepr.com.br/impulsiona/pequenos-negocios-avancam-em-maturidade-digital-em-2025/
33,D1,ALL,S2-S3,V5,3.0,,,F22,FIA Lugares Incriveis Advocacia 2025,2025,media,Pratica de gestao estrategica em construcao; participacao em pesquisas incipiente,https://analise.com/noticias/pesquisa-fia-lugares-incriveis-para-trabalhar-2025-revela-desafios-em-remuneracao-e-qualidade-de-vida-em-escritorios-de-advocacia
34,D1,ALL,S2-S4,V7,3.3,,,F19,Instituto Semesp 15 Mapa Ensino Superior 2025,2025,media,IES com planejamento estrategico mais formal por exigencia regulatoria MEC,https://www.semesp.org.br/mapa/edicao-15/brasil/
35,D1,X,S3-S4,V8,3.0,,,F21,ENAP LideraGOV Competencias Essenciais 2025,2025,alta,Eixo Estrategia das 9 competencias; programa estruturado desde 2020 4 edicoes,https://revista.enap.gov.br/index.php/RSP/article/view/11186
36,D2,ALL,S2-S3,V5,3.8,,,F22,FIA Advocacia 2025,2025,alta,Relacoes fortes alta confianca entre colegas; pilares Camaradagem/Respeito altos,https://analise.com/noticias/pesquisa-fia-lugares-incriveis-para-trabalhar-2025-revela-desafios-em-remuneracao-e-qualidade-de-vida-em-escritorios-de-advocacia
37,D2,ALL,S2-S4,V6,2.7,,,F18,Anahp Observatorio 2025,2025,alta,Alta rotatividade reportada como desafio critico; pressao financeira impactando retencao,http://www.anahp.com.br/wp-content/uploads/2025/04/Observatorio-Anahp-2025.pdf
38,D2,ALL,S2-S4,V7,3.0,,,F20,Sinepe Summit Encontro de Gestores 2025,2025,media,Investimento crescente em formacao de gestores escolares; baseline em construcao,https://www.semesp.org.br/pesquisas/
39,D2,X,S3-S4,V8,2.9,,,F21,ENAP LideraGOV 2025,2025,alta,Eixo Pessoas: coord/colaboracao em redes engajamento auto-conhecimento; servidor com alta estabilidade mas baixa cultura de dev continuo,https://www.enap.gov.br/acontece/noticias/lideragov-conheca-o-novo-programa-de-desenvolvimento-de-lideres-do-setor-publico/
40,D3,ALL,S2-S4,V6,3.6,,,F18,Anahp 2025,2025,alta,Sistema de 265 indicadores estruturados em 4 eixos; cultura de decisao por dado avancada,https://www.anahp.com.br/indicadores-hospitalares/
41,D3,X,S3-S4,V8,2.8,,,F21,ENAP LideraGOV 2025,2025,alta,Eixo Resultados: gestao de crise gestao de resultados; processo decisorio formal porem lento pressao TCU,https://repositorio.enap.gov.br/handle/1/5715
42,D4,ALL,S2-S3,V5,3.7,,,F22,FIA Advocacia 2025,2025,alta,Alta confianca entre colegas + qualidade percebida de lideranca; pilar Camaradagem forte,https://analise.com/noticias/pesquisa-fia-lugares-incriveis-para-trabalhar-2025-revela-desafios-em-remuneracao-e-qualidade-de-vida-em-escritorios-de-advocacia
43,D4,X,S3-S4,V8,3.0,,,F21,ENAP LideraGOV 2025,2025,alta,Competencia auto-conhecimento e desenvolvimento pessoal entre as 9 essenciais; mainstream genero/raca,https://repositorio.enap.gov.br/handle/1/5715
44,D5,ALL,S2-S3,V5,2.8,,,F22,FIA Advocacia 2025,2025,alta,Gap em work-life balance e remuneracao; pilar relacional nao compensa fatores de reward,https://analise.com/noticias/pesquisa-fia-lugares-incriveis-para-trabalhar-2025-revela-desafios-em-remuneracao-e-qualidade-de-vida-em-escritorios-de-advocacia
45,D5,ALL,S2-S4,V6,3.7,,,F18,Anahp 2025,2025,alta,Mortalidade operatoria 0.27% (menor historico); permanencia 3.99 dias; ocupacao 78.97%,http://www.anahp.com.br/wp-content/uploads/2025/04/Observatorio-Anahp-2025.pdf
46,D5,ALL,S2-S4,V7,2.8,,,F19,Semesp 2025,2025,alta,Captacao em desaceleracao; pressao financeira setorial; ticket sob pressao,https://www.semesp.org.br/mapa/edicao-15/brasil/
47,D5,X,S3-S4,V8,2.7,,,F21,ENAP LideraGOV 2025,2025,alta,Eixo Resultados: geracao de valor para usuarios gestao de crises gestao de resultados — em construcao,https://revista.enap.gov.br/index.php/RSP/article/view/11186
